,V01,V02,V03,VB,V10_12,V13_15,V16,V17,V18,V19,V20,V21,V22,V23,V24,V25,V26,V27,V28,V29,V30,V31_32,V33,VD,V36,V37_39,VF,V45,V46,V47,V49,V50,V51,V52,V53,VI,V58,V59_60,V61,V62_63,V64,V65,V66,V68B,V68A,V69_70,V71,V72,V73,V74_75,V77,V78,V79,V80_82,VO,VP,V86,V87_88,V90_92,V93,V94,V95,V96,VT,VU
R01,1.9304952101139243,0.0035227746973555247,7.772824899272334e-05,8.153312831404549e-06,2.245091329267858,0.0005473590680816253,0.0,0.0,0.0,0.0,0.3242414882334848,0.001675234009759254,0.0,0.0,0.0,0.0,0.0,0.0,0.0,2.337283011669304e-05,0.0,0.0,2.174216755041213e-06,0.004796865715809675,0.0,0.0014762931766729836,0.002197589585157906,6.305228589619516e-05,0.0806482220947437,0.006430246053034387,0.030773320396664566,0.0,0.0,0.0006147597874879029,0.0,0.03569466002170035,7.501047804892183e-05,0.00013208366786875367,0.00033265516352130555,4.457144347834487e-05,0.00019785372470875034,0.00028101751558907675,0.0,0.00014458541421024062,0.0,0.004824586979436452,0.0004516935308598119,5.435541887603033e-07,7.609758642644244e-06,9.131710371173093e-05,0.0,0.0,0.0010778679563116813,0.007160239328539473,0.00038864124496361673,0.005250733463424528,0.0002750384195127134,0.00015436938960792612,0.0002201394464479228,0.00020709414591767555,9.240421208925153e-06,0.0,0.0,0.0,0.0
R02,0.30889585431206557,8.51585374514006,0.012833268794554086,0.0004788833447952136,0.030151541688051575,0.0,7.952477671711904,0.0,0.0,3.823018298785319e-05,0.03449770985930225,0.0,0.0,0.008161138010459605,0.0024245984473875307,0.01877303196193001,0.0,0.0,0.007746642342275514,0.0,0.0,0.1529187198365186,0.00043461681712506783,0.3505385841603081,0.001587558651442956,0.004833099975622282,0.01909295823009152,0.009010250495768767,0.24092862530434483,0.0013239716003161787,0.28146670407572794,0.0,0.0,0.0008169186470035996,0.0007183250171928204,0.009698393789550123,0.0001448722723750226,1.006057447048768e-05,0.0,0.002442707481434409,0.0,0.0,0.0,0.014664293348182844,0.0,0.004605730992589259,0.001553352698243298,2.012114894097536e-06,1.2072689364585214e-05,0.0013179352556338861,0.0,0.0,0.0001006057447048768,0.003971914800948536,0.09077253921742215,0.07271783227268495,0.0068613117888725985,0.02839295327061033,0.017497351119072174,0.009320116189459786,0.005911593558858561,0.00033602318731428856,2.6157493623267967e-05,0.0,0.0
R03,0.0,0.0,0.26281245763257405,0.0008471485230593451,0.6510080205601271,0.00027839759931184125,0.0,0.0,0.0,0.0,0.0,0.0,0.0,0.0,0.0,0.0,0.0,0.0,0.0,0.0,0.0,0.0,0.0,0.0,0.0,0.05471964593099859,0.0,0.0,0.0,0.0,0.000488476769344703,0.0,0.0,0.0,0.0,0.023588645669299625,0.0,0.0,0.0,0.0,0.0,0.0,0.0,0.00012468113343413749,0.0,0.0007207594288932332,0.0014466427399823895,0.0,0.0,3.4159214639489723e-06,0.0,0.0,0.0,0.0,8.53980365987243e-06,6.490250781503046e-05,0.0,0.0,0.0,0.0,0.0029376924589961154,0.0,0.0,0.0,0.0
RB,0.007526260153134599,0.042205149144031284,0.0003226327935698881,0.21592958034606913,0.006224698797878296,0.0010239684673414681,0.002710666975035897,0.0,0.0,0.0,0.0032005908467531356,0.0,0.0,0.48691447067408145,0.0033596092891679235,0.008246898643615486,0.0,1.8383634961247186e-06,3.584808817443201e-05,0.0,0.0022924392796675242,0.0006581341316126494,0.005171316514598833,3.5509866058414987,0.0004742977820001774,0.006071195445951883,1.2799982706285058,0.0,1.8383634961247186e-06,9.191817480623593e-07,0.008101667927421634,0.0,0.0,0.09348721805017837,1.8383634961247186e-06,0.00014523071619385278,1.8383634961247186e-06,5.790845012792864e-05,0.0,6.434272236436516e-06,0.0,0.0,0.0,0.011656143747178778,0.0,0.0024468618133420003,0.0071622641809019035,1.4706907968997749e-05,2.757545244187078e-06,0.0012013705447175035,0.0,0.0,0.00024450234498458757,0.05593404773309069,0.015583807356649241,0.009936354696554104,0.0007426988524343862,0.0030581176758034696,0.002507527808714116,0.0012932887195237395,0.0014587414341749642,0.0,6.434272236436516e-06,0.0,0.0
R10_12,-0.998826364782966,-0.0006670961344996516,-0.16663783483078592,-0.0020040679707260364,-11.839488775872917,-0.0027295350169944076,-0.007132369504692109,-0.00030297282775192515,-0.0,-0.0,-0.5899464665447669,-0.015287619748950352,-0.0,-0.0,-2.779567227081882e-06,-0.003349378508633668,-0.0,-0.0,-0.00028907499161651574,-0.0020846754203114114,-0.0006087252227309321,-0.0012647030883222562,-0.0004919833991934931,-0.020724453245122513,-0.0,-0.004108200361627021,-0.026458700434592433,-0.0053506669121326225,-0.44694607141308534,-0.05229755737754561,-0.07327773080755966,-0.0010506764118369512,-0.02459639039244757,-0.04353636147778351,-0.0,-5.248298230726424,-0.004144334735579087,-0.034547241065400705,-0.0,-0.0548158452852818,-0.00245157829428622,-0.01115440328227959,-0.0006476391639100785,-0.0333826023972534,-0.0,-0.018206165337386327,-0.011326736450358667,-0.0004280533529706098,-0.05307583620112854,-0.03102552938868797,-0.00015843533194366725,-0.007521508916483573,-0.008983561277928641,-0.0023042612312508797,-0.10668256974262971,-0.840908032343536,-0.061425656151282516,-0.23539320975988332,-0.16979542320075094,-0.19422503955957357,-0.017622456219699132,-0.0004224942185164461,-0.04507624172158688,-0.0,-0.0
R13_15,0.182595977519535,0.14882407239028386,0.05673479894838074,0.06373438439746983,0.09262722192145777,8.892213304459947,0.2729525564400818,0.028899092738866487,0.045225203571862486,0.0,0.26239375372510204,0.02376356132358307,0.02441410367095149,0.4336615370995965,0.0009007509425101243,0.3455380698906893,0.001238532545951421,0.026572152804048666,0.24111351270830034,0.002483320306781384,0.018746878990991964,0.8675607723645777,0.03549834443572885,0.05576524064220664,0.01038991191325914,0.06207049723977751,0.29128659124909,0.24287122808917078,0.07598835034453465,0.26486456360212635,0.10309845162813798,0.0002627190248987862,0.017251882635020296,0.1633174052638669,0.010921605177935258,0.1437698587684215,0.004003337522267219,0.006086324076821881,0.027841961424392797,0.11101129844949426,0.004778984167206493,0.0,0.0,0.13451214074817852,0.0,0.0026522111085020327,0.034841546873481885,0.001357381628643729,0.059299437048583176,0.016075902237854302,0.09983322946153877,0.0034966651171052738,0.11041705303603273,0.23106763761336102,0.548976423385528,0.13695167455081014,0.045319031795040626,0.054952062707996116,0.15100088716801668,0.20042333992338118,0.11453923964099226,0.025959141745951493,0.07458718221174111,0.0,0.0
R16,0.27864915135452567,1.0170952319908628,0.008131141346533617,0.2788092945449593,0.9627033722464836,0.008451427727400889,32.456886807493476,0.08465375682696723,0.0,0.0,0.06338570795550667,0.0,0.005703163943184952,0.6342186932108845,0.0013483023452638338,0.4721331208545702,0.0,0.01862826918398998,0.022513033029347845,0.13750617557943573,0.011421825614476385,4.275130952722643,0.020648139747201314,0.8048796751194517,0.0005889136680462722,0.0033681729084751705,2.1882275495414074,0.005522357115276008,2.0832149438918934,0.0012346523391496408,0.13509369590419354,4.649318431944254e-05,0.0,0.1985000674971755,0.0,0.0066588571764179365,0.0013483023452638338,0.022611185307355557,3.6161365581788646e-05,0.008869866386275871,0.007599052681544443,0.0,0.0,0.03410533365299552,2.407324097692096,0.0021335205693255306,0.004530502516461234,0.005253729828097007,0.00543453665600595,0.0007955500427993502,0.16083025637968942,0.0,0.00023763183096603963,0.030602847100930846,0.09525936876116894,0.07227623797925785,0.0010951727861913134,0.009422618688740355,0.0152394326380395,0.009241811860831412,0.03628018149727166,0.003218361536779189,0.04381724326639018,0.0,0.0
R17,-0.19462088674774813,-0.03525451601773732,-0.0015411294890976962,-0.001046911709240173,-0.5871769374921364,-0.012609155532280964,-0.3033657752630396,-0.6749345473101194,-0.5823724615940558,-4.715818510090869e-06,-0.013135440878007108,-0.03290320890860601,-0.04027780589468612,-0.06642041738722586,-0.00016599681155519863,-0.01646575190983328,-0.0004866724702413777,-0.009993762586584572,-0.020991994515818495,-0.0008507336592203929,-0.00042253733850414194,-0.06697216815290649,-0.0015807423645824593,-0.0023984652942322165,-0.00024144990771665252,-0.0014581310833200966,-0.0229226506138497,-0.0077329991928470065,-0.07066654037371167,-0.030812214981231722,-0.05069599214717886,-8.488473318163564e-06,-0.0,-0.012606326041174913,-0.022521806040491976,-0.04783160398414966,-0.03990431306868692,-0.0028502407074989214,-0.0045168109689650345,-0.01879065043530808,-0.0019344287528392748,-0.002989828935397611,-0.010310665590462677,-0.00825268239265902,-0.0,-0.00769055682625619,-0.01745701696065438,-0.0012959069265729708,-0.012446931375533841,-0.021545631608903163,-0.00013864506419667154,-0.0023201827069647078,-0.004411176634338999,-0.06774933504336947,-0.10195316669705853,-0.11301930641283778,-0.006117359771289875,-0.008858193489354689,-0.023318779368697327,-0.02735834950444117,-0.025087211309981407,-0.0019561215179856924,-0.0023560229276413983,-0.0,-0.0
R18,-9.675295202781136e-06,-2.858609946276244e-05,-9.675295202781136e-06,-7.124535558411563e-05,-0.006881773606050872,-0.0006121823146486971,-0.0003043320127420247,-0.0013690542711935305,-0.09823635069685592,-0.0,-0.00014732835876962182,-0.0,-0.0,-0.0,-3.650225008321973e-05,-0.0003716192930159117,-0.0,-6.0250701944591605e-05,-3.386353320973397e-05,-2.5507596443695714e-05,-0.0,-2.7266741026019558e-05,-5.5413054343201034e-05,-0.00013281541596545012,-5.9810915799010646e-05,-0.00023352644330349012,-0.00038965052498473115,-0.0011170568097756402,-0.056634780255624954,-0.05340147251331373,-6.157006038133449e-05,-0.0,-0.0,-0.0004551786606762942,-0.04977807445987219,-0.0007964527096471197,-0.10959866555408561,-0.0016148947265732874,-0.005282711180718499,-0.002726234316456375,-0.00016931766604866985,-0.004082974575573638,-0.0,-6.420877725482026e-05,-0.0,-0.00034875041344570177,-0.00013149605752870724,-0.00013237562981986914,-0.03090992945601224,-0.0008654991345033305,-0.0,-3.8701180811124544e-05,-0.0006108629562119543,-0.015965556443025615,-0.011731295433372124,-0.013175992921605581,-0.003287841224363262,-0.0005000368475255522,-0.0058447578747709665,-0.0012797776836405953,-0.01068944205449083,-2.7706527171600517e-05,-7.476364474876331e-06,-0.0,-0.0
R19,-2.2355169925919163,-1.258181585481924,-0.03420411201274047,-0.3014708754472286,-0.4457150740220148,-0.01022298676522497,-0.4008036344375151,-0.006060515405747881,-0.0017675758585327791,-0.03938530757784312,-0.059502429785775336,-0.014762564804328367,-0.02611150990208686,-0.2958857646707727,-0.0692339268026722,-0.06935724604861634,-0.003000768317974253,-0.007420601582030433,-0.014532011431476265,-0.01366162776807337,-0.022447677232731753,-0.28894592942437963,-0.17179979471923348,-0.0790404877084046,-0.022478060235355677,-0.26692003975748585,-2.6114673308830647,-0.16952285675788795,-1.3765001466412636,-0.29935121420534816,-9.790613403825754,-0.1430896444750772,-1.163585000430072,-0.7050429375944175,-0.03762666789655268,-0.047281313789165495,-0.03613075182618671,-0.05553476709018104,-0.07869912573774762,-0.051080976352604,-0.02271040084365624,-0.027151680933094016,-0.014192436696267742,-0.12989805962995035,-0.0,-0.06438873150188111,-0.09041087963154469,-0.006582388156699925,-0.44648001079395827,-0.012625031207963147,-0.14040521683148138,-0.04746539904035749,-0.03721739097885398,-0.46111389464599706,-0.3953883110286635,-0.12055439270537062,-0.1187206891352446,-0.022093804613935505,-0.046636121792269294,-0.05413000002768684,-0.02774325586653623,-0.014971671351798877,-0.012887754818887633,-0.0,-0.0
R20,5.04063747751942,0.24236864556114177,0.002400863432854651,0.36820814044368805,0.8786270955569188,0.39183145101140604,4.377643486580001,0.09854737517326438,0.3735829129024244,0.03715574931339668,1.4847117310508928,0.343280657147012,0.8089032550398189,1.4323603934258484,0.17600403783075205,0.3326200330974228,0.05973835639032993,0.11774769590514725,0.0826371265530712,0.047114886516349305,0.01365429326833386,0.298975011382686,0.03466267164718135,0.06390117035346884,0.09297829415137518,0.564420268842336,1.1423894432577368,0.05296390360379767,0.3841579094496072,0.12723917521034217,0.10497931795017128,0.03462315126145534,0.024535572804893213,0.0599096113951426,0.002581998534098829,0.2587004449624123,0.022434405630460744,0.0011197442622367373,0.017952135216036634,0.0029080417163383503,0.0006817266537735429,0.005381359189690672,0.0,0.08394129928202929,0.32193635548949345,0.1209225002251361,0.039322783797372474,0.004070599729778256,0.07892550366030414,0.008766938900218218,0.009689081233824944,0.0067151722079432565,0.0039059314559199126,0.3100736530407384,0.03644767573580579,0.06397362439396652,0.4731973384902908,0.011856115717800745,0.0137399207707402,0.036259953903607284,0.027868458667786086,0.013180048639621831,0.2891509021642972,0.0,0.0
R21,0.25551502538839227,0.001622947748537129,5.059549335967068e-05,0.0,0.08041180679262738,4.086559079050325e-05,0.000406709927391199,0.0,0.0,0.0,0.002496692999248365,0.07655487341420943,3.891961027666976e-06,0.0,0.0,5.2541473873504175e-05,0.0,0.0,3.502764924900278e-05,7.783922055333952e-06,0.0,7.783922055333952e-06,4.086559079050325e-05,0.000821203776837732,0.0026601553624103777,0.0028897810630427296,0.0025258827069558677,0.0012746172365609347,0.004641163525492868,1.1675883083000928e-05,0.0006733092577863868,1.5567844110667905e-05,0.0,0.0001459485385375116,0.0,0.000163462363162013,1.5567844110667905e-05,0.0015801361772327922,9.72990256916744e-06,0.0029773501861652366,0.0,3.891961027666976e-05,0.0,0.00536701425715276,0.0,1.945980513833488e-06,0.00926675920687507,0.016706242711260495,0.0020977669939125,0.08409554790531419,3.891961027666976e-06,0.0,0.0021989579806318414,0.00018097618778651438,0.2245661512963845,0.20483974682765446,2.622066685813116,0.06810153406211675,0.03666227288062291,0.04047055674619505,0.006196001956045826,0.0,0.0007822841665610623,0.0,0.0
R22,0.26563738795848846,0.12317395946125327,0.012636631897695096,0.3904175502843902,1.7245431808556417,0.09548262115044054,0.3177725779770179,0.097652623772571,0.4534328227339711,0.0,0.1564782375798861,0.04526936186074948,2.3110678272291487,0.16017676398896757,0.12227939717938191,0.2883998635005591,0.05982291293388314,0.21760164862102757,0.34569444774422325,0.02367457826084142,0.024569140542712756,0.30980921962467306,0.048238707250154333,0.024208308697924313,0.022496863211879155,0.05412978827166557,2.2727595130407763,0.1807692369089078,0.15350388063708142,0.3354708788085508,0.5352339031028499,0.0005562824273821755,0.09775536061726771,0.09775536061726771,0.016209869471780602,0.05209008603793094,0.014869278937323557,0.006946013012177435,0.0018191938841417093,0.43960093535041433,0.000491132233184263,0.001666341505446607,0.0,0.061010651089645096,0.2187994098835892,0.013861956703955836,0.015345376510308303,0.0027789063602109577,0.013375836024171412,0.0012052785926613804,0.17293617894495877,0.001398223398555198,0.0052070039824331565,0.09532726299504551,0.031099194622703517,0.12890717655066952,0.020331872143148525,0.004863712574544157,0.019439815637977108,0.0386866864700604,0.015210064568512639,0.003117186214700119,0.016004395782387187,0.0,0.0
R23,0.04081625116484987,0.004474083065802025,0.002219869546256273,0.03593940695774397,0.594288113801131,0.01184554860548003,0.0918638841905743,0.0009272872788159116,1.8733076339715387e-05,0.0,0.012750980628566272,0.0053077049629193605,0.025342730108244962,1.0434791848129965,0.03447510482385622,0.24905624993651604,0.10189856874988185,0.1002032253411376,0.018255382893052643,0.0019981948095696414,0.005835353279821343,0.019669730156701155,0.006625264665479342,0.02583291227246752,0.0017171986644739102,0.06998989538456664,18.087303487773937,0.014106006483805684,0.0729153774729522,0.03595814003408368,0.04293621097062766,0.0,0.0,0.04422567105867808,0.0,0.04495938321531693,0.0009147985612561014,0.00014362025193781798,0.0,0.0009241650994259591,0.00021543037790672695,0.0,0.0,0.2839091384665565,0.10090259352448698,0.029008168712049278,0.028574185776845874,0.001564211874366235,0.0022854353134452773,0.013606457781413277,0.008267531024594389,9.054320230862437e-05,0.0010428079162441565,0.03002599919317381,0.014024829819666918,0.028090247971403224,0.023257114275756652,0.005051686252943249,0.010865184277034924,0.005573090211065327,0.014530622880839235,0.00013425371376796027,0.0002622630687560154,0.0,0.0
R24,-0.0020171323166777028,-0.00014572900541921994,-0.0,-0.004540672927187194,-0.10219064343766024,-0.0007073928804724635,-0.004258322979187456,-0.0010996467867258638,-0.002311019144273129,-0.0,-0.00035582165489859535,-0.0025417567361868945,-0.009455383634950385,-0.06488462525452919,-0.12056282059169915,-1.1085793675538727,-0.017315641864749563,-0.09454169226571894,-0.1872083379950439,-0.27168258480305174,-0.03091094366198429,-0.002770065511343672,-0.017552451498555794,-0.002190792714802273,-0.00029449403178467365,-0.0016649538869145878,-0.44462101714660773,-0.005194024634816698,-0.2118808658167071,-4.796913095049324e-05,-0.04605279452923049,-0.0,-0.0,-0.0029145801083843986,-0.0,-1.4572900541921994e-05,-6.072041892467497e-07,-0.0018847618034219115,-0.0,-0.004743479126395609,-0.0052589954830661,-0.0,-0.0,-0.0005732007546489318,-0.0,-1.0322471217194744e-05,-0.00030906693232659563,-7.893654460207747e-06,-5.646998959994772e-05,-0.00015848029339340168,-0.00197280641086269,-0.0,-0.0,-0.02616321410626395,-1.2144083784934995e-05,-4.0075476490285486e-05,-0.0003880034769286731,-1.8216125677402492e-06,-0.00010626073311818121,-7.347170689885673e-05,-4.250429324727248e-06,-0.0055710984363389286,-1.2144083784934995e-06,-0.0,-0.0
R25,0.3455422034864413,0.0028768116847266495,0.022520467941821245,0.019739186056872044,0.8471118642379671,0.001684053898933912,0.5777833350139757,0.002077090789446851,0.024496570085789073,0.0,0.001768666007308225,0.00870685889400191,0.037365798827237034,0.37295106775401726,0.4096836404798723,2.8113028068849766,0.09314701362871573,0.13672497886433785,0.624281782699937,0.4140807406924859,0.06036664519079633,0.5490779948922774,0.05144962073728402,0.04468611091304053,0.018254380026045385,0.03165584622339628,9.3220980987972,0.04855370309260188,0.5170072763955617,0.02445562874302731,0.09609206088471199,2.1835382806274388e-05,0.0,0.24879508111754114,0.0,0.004664583651990366,0.0015148296821852853,0.0033844843349725294,0.003720203345618998,0.0015339356421407754,0.0033926726035248826,0.0,0.0,1.3854604979038114,0.11131132270068525,0.03358554817890078,0.13961270824046765,0.004713713263304483,0.00012009460543450913,0.09167039586644145,0.23286343993751313,0.0011954872086435227,0.0011736518258372481,0.06237822983182435,0.1549520646618754,0.050909195012828735,0.026761991051940045,0.006812639435557607,0.07095407642898861,0.03499665979275627,0.05063898215060108,0.0041705581159984075,0.00021562440521195956,0.0,0.0
R26,0.47378422358090105,1.051730186817795,0.0,0.038428602979880974,0.26824176158982704,0.19593531124610367,0.3129908584808727,0.034383486876735606,0.023765057105979027,0.0005056395128931708,0.005814854398271464,0.05359778836667609,0.04550755616038537,0.17798510853839608,0.01036561001431,0.15194467362439779,221.71028541583303,0.4727729445551147,0.04929985250708415,0.15978208607424196,0.004550755616038537,0.09935816428350806,3.442393803776706,1.9934837795813258,0.35243074048653994,0.08899255426919804,11.827666665840605,0.7073896785375459,12.861193830194246,4.743151450694388,1.601107517576225,0.18784507903981296,0.0,1.3905086604562198,0.05081677104576366,0.36001533317993756,0.47378422358090105,0.18759225928336634,17.24534122673448,29.696967051485256,0.3440876885238027,0.04854139323774439,0.0,9.116680417463868,0.0,0.9814462945256444,2.298131586099461,0.10567865819467268,0.5847720966609519,0.43434434157523366,0.432321783523661,0.10163354209152732,1.47115816276268,9.219325238581181,9.740892396130487,3.09931739427869,0.8504856606863131,0.37164504197648046,1.4286844436796542,0.30060269041499,1.8953897140800506,19.775814169008356,0.29225963845225267,0.0,0.0
R27,1.185661148328301,0.027137682036047533,0.025494817876914606,0.07332041895389524,0.4177742709854313,0.03656893924588468,0.5603992187264525,0.014846624252904929,0.0010343959520466549,0.0,0.024642962386993837,0.1239449737834727,0.006875690740074822,0.21685806900554577,0.07636275998932658,0.2057839476365757,4.426727900194013,34.29192952132645,2.526968464029269,0.055309760024141716,0.33009400234430014,0.9439775764736354,11.492139027238334,2.2767054904546873,0.029997482609352987,0.03589962421808978,46.83172910752593,0.3065462827300616,0.3390993318091769,2.3607957966740094,1.563884985853125,0.0028598005733054574,0.0,0.7623498166583845,0.0008518554899207746,0.22823642447805895,0.15935782343589347,0.15874935522880723,0.10520415300521564,0.76520961723169,0.0,0.1330719968897667,0.0,2.3789281492451804,1.521474751819212,0.07380719351956426,3.239971509092957,0.033222364106910214,0.3432977624380722,0.017402190722667254,0.20566225399515847,0.0003650809242517605,0.17907219334548855,4.541606697691901,0.7178099438996699,0.7046061838058978,0.11274915877308536,0.08695010679262763,0.6385265365163292,0.31749871045761446,0.10648193624009682,1.5719167661866638,0.0035899624218089787,0.0,0.0
R28,55.037221989533194,12.064306992420386,4.745213479539516,8.041685973194442,8.20455376198559,3.33630042453835,72.53946397364409,2.254545373222462,0.0,0.022758817647671542,1.204794909223612,2.6748722866528953,17.249761350832046,12.537974884712549,0.586750767479032,34.26553360772397,0.0,6.060246411744037,59.06411028706808,1.429538233494369,11.097768455445834,1.6279666748600048,67.82554386837013,9.622001373604634,1.1279838996627207,11.56859149553204,125.85626159162362,2.4188355881165906,17.11889814935794,8.463435312727855,26.240916747765286,0.06258674853109673,0.0,7.137022971699499,0.2524806332788561,19.87129265862321,2.2616575037373594,1.218307957201917,0.0014224261029794714,0.906796640649413,1.366951484963272,0.8413650399123573,5.174786162639316,8.540957535340237,0.0,1.502081964746322,5.421577091506255,0.3100888904495247,8.375244894343126,0.33924862556060387,2.4842671888536465,0.0,0.4608660573653487,30.56295846166841,10.001789143100153,2.230364129471811,3.510547622153335,0.336403773354645,1.9444564827729371,2.523383906685582,2.3534039873795356,0.42103812648192357,0.31222252960399394,0.0,0.0
R29,5.349739254770828,7.623543259537176,0.25419136264623815,1.268026653431234,3.1239166167287684,0.8409558625875545,2.450346132713737,0.03626072752446337,0.0,0.010621829274842804,0.49812716599262813,0.2552901725712219,0.05237660642422486,2.5657211748370297,0.047248826774300756,0.09925916322353104,0.03076667789954467,0.14357783019787515,0.0981603532985473,35.77322218774558,0.031865487824528416,0.3197536881702679,0.11793893194825458,1.001748381610175,0.494830736217677,3.4491643545239548,24.417021613038646,142.94198552128458,13.712781593822061,1.0588864977093293,77.29908060275604,0.003662699749945795,0.0,7.869310412758539,0.0,0.09266630367362862,0.23075008424658508,0.10695083269841721,0.08350955429876412,0.45563984889325687,0.09925916322353104,0.0,0.0,2.2320492276169674,0.0,0.7449931291389748,0.9768420233105435,0.27030724154599967,2.150737293168171,0.07178891509893758,5.426289679544695,0.019778578649707293,0.7424292393140127,6.900160058922882,3.575527495897085,1.3083163506806381,2.662050178260604,0.40143189259405915,0.8087241047880315,0.4768835074429425,0.8669610308121697,0.13295600092303234,4.0985610201893445,0.0,0.0
R30,2.122094009124238,1.177189946789097,0.7485036798636336,1.1968299850362476,0.1428145991058245,0.0,1.1667637536455477,0.0,0.0,0.012123480399475766,0.0,0.0,0.0,0.0,0.00048493921597903065,0.0,0.0,0.0,0.009698784319580612,0.0,3.0817887175467393,0.0,58.44269208332087,0.16245463735297525,0.0,0.08995622456411019,3.0871230489225088,0.23689280700575643,2.9106051743061423,0.020367447071119284,30.651310554778597,0.19033864227176953,7.990585931294477,2.784520978151594,0.0,0.0,0.002424696079895153,0.2075539844390251,0.0,0.06401197650923204,0.0,0.0,0.0,0.020852386287098318,0.0,0.03637044119842729,0.01333582843942334,0.0,0.02739906570281523,0.0,3.9745618141641352,0.0,0.0,1.4511806038172492,0.22331450895834362,0.009941253927570129,0.0,0.0009698784319580613,0.0019397568639161226,0.054555661797640945,0.0,0.03879513727832245,0.008486436279633035,0.0,0.0
R31_32,12.783617281379936,2.133899340743908,0.01366687062852133,0.09558320700444109,1.789001854012963,2.5999311404369645,1.4449532412340997,0.023853358053506173,0.07359737164551548,0.0018675226945805545,0.10551503224380131,0.21586864601447048,0.10381728433963718,0.18777091820055394,0.14464812143478475,0.17334006101515873,0.11680505580649285,0.12622755667460384,0.13064170122543062,0.1606069517339277,2.853574677319087,14.990604669398111,1.179765018603661,0.875443706782239,0.1065336809862998,0.30907500595308174,9.462992155625294,1.2391013078541977,17.380184844509138,8.494681638485277,1.469231036263647,0.04218903541847889,0.0,2.049945706882991,0.3409926665513676,9.283115765179105,1.2952118760868228,0.5903069462778716,0.6430220187021681,2.792880189745219,3.015709602166762,0.9964931323491422,0.6158580522355419,4.466604961065436,0.0,2.2274452502633526,1.5084490128498385,0.03675624212515363,6.62206570019223,6.037361321998099,2.5863491572036517,0.31730908328827784,2.9853199146822242,2.817073097379558,5.180592842161666,7.646911222540913,3.0341301669269436,1.5821312718905625,2.264710816759755,3.354664971233133,0.1611162761051769,0.4545720013399486,0.1149375331119123,0.0,0.0
R33,0.0,0.0,0.0,0.0,0.0,0.0,0.0,0.0,0.0,0.0,0.0,0.0,0.0,0.0,0.0,0.0,0.0,0.0,0.0,0.0,0.0,0.0,0.0,0.0,0.0,0.0,0.0,0.0,0.0,0.0,0.0,0.0,0.0,0.0,0.0,0.0,0.0,0.0,0.0,0.0,0.0,0.0,0.0,0.0,0.0,0.0,0.0,0.0,0.0,0.0,0.0,0.0,0.0,0.0,0.0,0.0,0.0,0.0,0.0,0.0,0.0,0.0,0.0,0.0,0.0
RD,0.08552093318247349,0.00211458228638276,0.001955049731678409,0.007302804435094663,0.08498367471517149,0.008920011392851507,0.1350522221100437,0.00357598118487582,0.006715575653965033,8.380114741279101e-06,0.008929477818762951,0.010910599018525341,0.00746761335833982,0.07226079829018954,0.021171583957291528,0.019955381008635892,0.002610560929218463,0.007271611785779902,0.007865048059310483,0.0036222270032628787,0.011493948116904379,0.013118448878232335,0.0075951773271792904,1.6850455384605971,0.013588666427604106,0.011605217418191364,0.04423691865880211,0.013764804024480992,0.025035282414951263,0.08551627756317277,0.035266936952122976,0.00046866567627153476,8.706008092328843e-05,0.032980096751613924,0.0014339307446188682,0.03225382014070306,0.0005551050079547285,0.0029615946244920433,0.026083727881471293,0.005348841014586421,0.006822189335951305,0.003635107549994845,0.0006025923248219767,0.15438809537706505,0.0,0.0007309322302115658,0.002186434010923727,0.0017269243859435893,0.00024085070515676233,0.0005388103404022414,0.002143447126047165,0.0003816055953482465,0.0007421057165332714,0.00922992045096881,0.044006465503416935,0.08082667224156698,0.028935294703156544,0.008245722530798586,0.02464545189217176,0.01773589210067712,0.008840555490119379,0.0004365419030966316,0.004615425787414476,0.0,0.0
R36,0.0,0.0,0.0,0.0,0.0,0.0,0.0,0.0,0.0,0.0,0.0,0.0,0.0,0.0,0.0,0.0,0.0,0.0,0.0,0.0,0.0,0.0,0.0,0.0,0.0,0.0,0.0,0.0,0.0,0.0,0.0,0.0,0.0,0.0,0.0,0.0,0.0,0.0,0.0,0.0,0.0,0.0,0.0,0.0,0.0,0.0,0.0,0.0,0.0,0.0,0.0,0.0,0.0,0.0,0.0,0.0,0.0,0.0,0.0,0.0,0.0,0.0,0.0,0.0,0.0
R37_39,0.03566058500041112,0.04168210211529093,0.0023106440564613956,0.0024863381897868007,0.18034204176155952,0.0421133513516351,0.03326475590961013,0.006793506488582349,0.006628460484549393,0.0,0.011436090860090037,0.007389801728959486,0.0047543897290784004,0.02766383990178204,2.0279628440701094,0.051382547900711804,0.0017409691393153828,0.004839574763417991,0.01550367624980549,0.004828926634125542,0.009929380565208529,0.012085626746929416,0.019608530092044513,0.09257483606855008,0.06564571708794702,1.9424370695931605,0.30136867929953287,0.025438380879660244,0.30000039468545325,0.03973881851941901,0.021376119554591014,0.000516434270683768,0.0,0.0470860277312087,5.324064646224412e-05,0.04391288520205896,0.0004631936242215239,0.0028324023917913875,0.001213886739339166,0.0017995338504238514,0.010909008460113822,0.0,0.0,0.17733926930108898,0.09984218431064641,0.0008997669252119257,0.006884015587568165,0.0020071723716266034,0.0002342588444338742,0.0014907381009428356,0.007831699094596111,0.00029282355554234265,0.004131474165470144,0.22069312771529434,0.4743635118493027,0.20827740896029903,0.06018322676092076,0.023819865227208022,0.029766845437040692,0.03396753244291175,0.06315405483351397,0.00043657330099040187,0.0020870333413199695,0.0,0.0
RF,4.82334273451497,21.55874494375148,0.11145014280400459,1.2671992991744294,1.54008451665078,0.18327808351725094,1.549532887918576,0.04460037619959709,0.06187159249556864,0.031189784722725076,0.27166607279663474,0.1756584292690282,0.7349410510885772,5.583073060757765,0.3903294882889568,7.502616358970038,0.1764711923888386,0.29635375256087637,3.1651027793217494,0.0,0.8398890889340983,0.25713793203002333,15.970084136545026,13.455293448461592,4.429762193746772,4.9030951156463685,1892.9888031572161,3.2255520363576498,5.660691938699659,1.3633085380920122,228.9788393856814,0.18226212961748792,0.0,16.701469348984432,0.0,3.525563222957673,0.03637114961151653,0.03677753117142175,0.29858885114035505,0.9511360409581503,0.6456387032994068,1.020728883091918,0.0,36.26142659034213,89.31880624234665,1.4159349500997374,12.255248702061499,0.06817050667409943,0.03870784358097151,0.5184412750490751,0.2911723876720849,0.0577061815065402,0.22452581184763,8.216120782773615,113.23497061510828,30.915375574399082,1.396327039834311,2.8143954931235506,5.215297749043547,1.7631879930387415,20.429207397994947,0.00020319077995260634,0.35710779576670565,0.0,0.0
R45,0.0,0.0,0.0,0.0,0.0,0.0,0.0,0.0,0.0,0.0,0.0,0.0,0.0,0.0,0.0,0.0,0.0,0.0,0.0,0.0,0.0,0.0,0.0,0.0,0.0,0.0,0.0,0.0,0.0,0.0,0.0,0.0,0.0,0.0,0.0,0.0,0.0,0.0,0.0,0.0,0.0,0.0,0.0,0.0,0.0,0.0,0.0,0.0,0.0,0.0,0.0,0.0,0.0,0.0,0.0,0.0,0.0,0.0,0.0,0.0,0.0,0.0,0.0,0.0,0.0
R46,0.0,0.0,0.0,0.0,0.0,0.0,0.0,0.0,0.0,0.0,0.0,0.0,0.0,0.0,0.0,0.0,0.0,0.0,0.0,0.0,0.0,0.0,0.0,0.0,0.0,0.0,0.0,0.0,0.0,0.0,0.0,0.0,0.0,0.0,0.0,0.0,0.0,0.0,0.0,0.0,0.0,0.0,0.0,0.0,0.0,0.0,0.0,0.0,0.0,0.0,0.0,0.0,0.0,0.0,0.0,0.0,0.0,0.0,0.0,0.0,0.0,0.0,0.0,0.0,0.0
R47,0.0,0.0,0.0,0.0,0.0,0.0,0.0,0.0,0.0,0.0,0.0,0.0,0.0,0.0,0.0,0.0,0.0,0.0,0.0,0.0,0.0,0.0,0.0,0.0,0.0,0.0,0.0,0.0,0.0,0.0,0.0,0.0,0.0,0.0,0.0,0.0,0.0,0.0,0.0,0.0,0.0,0.0,0.0,0.0,0.0,0.0,0.0,0.0,0.0,0.0,0.0,0.0,0.0,0.0,0.0,0.0,0.0,0.0,0.0,0.0,0.0,0.0,0.0,0.0,0.0
R49,0.0,0.0,0.0,0.0,0.0,0.0,0.0,0.0,0.0,0.0,0.0,0.0,0.0,0.0,0.0,0.0,0.0,0.0,0.0,0.0,0.0,0.0,0.0,0.0,0.0,0.0,0.0,0.0,0.0,0.0,0.0,0.0,0.0,0.0,0.0,0.0,0.0,0.0,0.0,0.0,0.0,0.0,0.0,0.0,0.0,0.0,0.0,0.0,0.0,0.0,0.0,0.0,0.0,0.0,0.0,0.0,0.0,0.0,0.0,0.0,0.0,0.0,0.0,0.0,0.0
R50,0.0,0.0,0.0,0.0,0.0,0.0,0.0,0.0,0.0,0.0,0.0,0.0,0.0,0.0,0.0,0.0,0.0,0.0,0.0,0.0,0.0,0.0,0.0,0.0,0.0,0.0,0.0,0.0,0.0,0.0,0.0,0.0,0.0,0.0,0.0,0.0,0.0,0.0,0.0,0.0,0.0,0.0,0.0,0.0,0.0,0.0,0.0,0.0,0.0,0.0,0.0,0.0,0.0,0.0,0.0,0.0,0.0,0.0,0.0,0.0,0.0,0.0,0.0,0.0,0.0
R51,0.0,0.0,0.0,0.0,0.0,0.0,0.0,0.0,0.0,0.0,0.0,0.0,0.0,0.0,0.0,0.0,0.0,0.0,0.0,0.0,0.0,0.0,0.0,0.0,0.0,0.0,0.0,0.0,0.0,0.0,0.0,0.0,0.0,0.0,0.0,0.0,0.0,0.0,0.0,0.0,0.0,0.0,0.0,0.0,0.0,0.0,0.0,0.0,0.0,0.0,0.0,0.0,0.0,0.0,0.0,0.0,0.0,0.0,0.0,0.0,0.0,0.0,0.0,0.0,0.0
R52,0.0,0.0,0.0,0.0,0.0,0.0,0.0,0.0,0.0,0.0,0.0,0.0,0.0,0.0,0.0,0.0,0.0,0.0,0.0,0.0,0.0,0.0,0.0,0.0,0.0,0.0,0.0,0.0,0.0,0.0,0.0,0.0,0.0,0.0,0.0,0.0,0.0,0.0,0.0,0.0,0.0,0.0,0.0,0.0,0.0,0.0,0.0,0.0,0.0,0.0,0.0,0.0,0.0,0.0,0.0,0.0,0.0,0.0,0.0,0.0,0.0,0.0,0.0,0.0,0.0
R53,0.0,0.0,0.0,0.0,0.0,0.0,0.0,0.0,0.0,0.0,0.0,0.0,0.0,0.0,0.0,0.0,0.0,0.0,0.0,0.0,0.0,0.0,0.0,0.0,0.0,0.0,0.0,0.0,0.0,0.0,0.0,0.0,0.0,0.0,0.0,0.0,0.0,0.0,0.0,0.0,0.0,0.0,0.0,0.0,0.0,0.0,0.0,0.0,0.0,0.0,0.0,0.0,0.0,0.0,0.0,0.0,0.0,0.0,0.0,0.0,0.0,0.0,0.0,0.0,0.0
RI,0.0,0.0,0.0,0.0,0.0,0.0,0.0,0.0,0.0,0.0,0.0,0.0,0.0,0.0,0.0,0.0,0.0,0.0,0.0,0.0,0.0,0.0,0.0,0.0,0.0,0.0,0.0,0.0,0.0,0.0,0.0,0.0,0.0,0.0,0.0,0.0,0.0,0.0,0.0,0.0,0.0,0.0,0.0,0.0,0.0,0.0,0.0,0.0,0.0,0.0,0.0,0.0,0.0,0.0,0.0,0.0,0.0,0.0,0.0,0.0,0.0,0.0,0.0,0.0,0.0
R58,0.00480441974428064,0.02567879518494825,0.00020952337627187377,0.0006821691320479612,0.041344322038763925,0.003956580965878174,0.0010329989713869126,0.00012668855309462134,0.01409166521344788,0.0,0.0004970089390635145,9.745273314970874e-06,0.0001705422830119903,0.000648060675445563,0.000302103472764097,0.0006870417687054464,0.0026896954349319604,0.0013984467206983203,7.308954986228154e-05,0.0002290139229018155,0.00035082983933895135,0.0006188248555006504,0.0013594656274384365,0.02637070959031118,0.0017151681034348735,0.007635421642279679,0.01499797563174017,0.0304783422925714,0.17257904513481917,0.2462484387593415,0.007328445532858096,0.0018710924764744074,0.01798490190277874,0.021493200296168257,0.002465554148687631,0.009896325051352921,0.3694920377371206,0.007533096272472483,0.010549258363455967,0.13716472190821502,0.08914976028535353,0.03166239300034037,0.00024850446953175726,0.010023013604447541,0.0,0.06282777706161721,0.028387981166510146,0.01948567399328426,1.0880841287997853,0.005881272445584921,0.0336894098498543,0.0009647820581821163,0.0292748010381725,0.0028212566246840673,1.0605391137750202,0.29337170787388317,0.014837178622043153,0.045408101011106775,0.20526956446988895,0.05465149275035664,0.0970288137605075,0.000458027845803631,0.0007747492285401843,0.0,0.0
R59_60,0.0066331272419056855,0.0042210809721218,0.0,0.0,0.5494942908351415,7.537644593074644e-05,0.0,0.0,0.09527582765646349,0.0,0.014095395389049583,0.0,0.0,0.0,0.0,0.0,0.0,0.0058793627825982206,0.0,0.00037688222965373216,0.00738689170121315,0.0,0.0,0.10839132924841338,0.001959787594199407,0.06007502740680489,0.045678126234032335,0.12082844282698652,0.2845460833885678,4.935875808883068,0.057813734028882506,0.0,0.0,0.04085403369446456,7.537644593074644e-05,0.5303486735687318,0.1359037320131358,21.368468656907304,12.55613298669781,0.050200712989877126,0.0,0.0,0.0,1.141727026513016,0.0,0.09324066361633333,0.060979544757973854,0.006030115674459715,1.037707531128586,0.0033165636209528428,0.0,0.013115501591949876,0.04153242170784128,0.063014708798104,1.1353954050548332,0.2870335061042824,0.11668273830079547,0.09504969831867124,1.1085613903034877,0.3209529067731183,0.27376725162047105,0.007010009471559417,0.0011306466889611962,0.0,0.0
R61,0.0,0.0,0.0,0.0,0.0,0.0,0.0,0.0,0.0,0.0,0.0,0.0,0.0,0.0,0.0,0.0,0.0,0.0,0.0,0.0,0.0,0.0,0.0,0.0,0.0,0.0,0.0,0.0,0.0,0.0,0.0,0.0,0.0,0.0,0.0,0.0,0.0,0.0,0.0,0.0,0.0,0.0,0.0,0.0,0.0,0.0,0.0,0.0,0.0,0.0,0.0,0.0,0.0,0.0,0.0,0.0,0.0,0.0,0.0,0.0,0.0,0.0,0.0,0.0,0.0
R62_63,0.4022114532199188,0.7243419258247131,0.005306741048869725,0.07028609155151926,1.0354072787956938,0.24018648715336438,0.5408359494486381,0.11237306444441691,0.13331775517984956,0.0004516375360740193,0.06444303092856163,0.2694017902681525,0.06500757784865414,0.2273994994132687,0.05600305447317838,0.29810900115485733,0.09941671262829349,0.351599821833624,0.13566062489823355,0.3399419279337134,0.039292465638439675,0.1983535603745083,0.22821809244740285,8.783898439103602,0.15273816923103242,0.12321236531019339,2.5657810697825085,3.877449383925478,8.52225916898672,4.243614516297489,10.456566281299736,0.020521280545363247,3.963316970471551,1.8965389233588255,0.3422283429600881,0.9559755271386756,0.44997212265974634,1.0884182345923819,8.288621426106431,39.780798724319716,17.092250780067264,4.617457486782759,2.4668442220362934,1.7274288934451096,0.0,3.2453826521898885,0.683863911654079,0.2256776313069865,1.5683960260550458,0.7716227303824619,0.5617241854920615,0.1872319860486856,1.661433358486294,0.8045358158238561,10.13533908376709,0.7585816965283246,1.806550144296077,0.11065119633813472,0.8802980125002727,0.1134457035925927,2.4827644451829025,0.6971025369302487,0.05919274457170115,0.0,0.0
R64,0.24515674547527638,0.11910104728126547,0.0053617602120746835,0.016132987845229162,0.17692218459546283,0.027397189971436486,0.19466926634536502,0.006429871613689166,0.015011868433608999,0.0,0.03517611543977024,0.01927371243806579,0.023259914790493042,0.043901233886705415,0.01795381298892432,0.035650537129321085,0.010742073227651356,0.01472562517957832,0.014502991537554457,0.008666809635928925,0.014312162701534004,0.026583517017849268,0.006822130887731209,0.6655261672233322,0.020842749534233963,0.0311554578808393,0.5225211578300047,0.13331514516428897,0.7727004122533194,0.7369465095044873,0.18063539569636083,0.002796172527799699,0.19236871871111844,0.3414033892425922,0.02100442396475129,0.21960688465253786,0.008982207295462728,0.03146290433887225,0.1045821533407093,0.04876736920522697,8.219329267463461,0.5293379879167355,0.435110949330636,1.28529316980926,2.0013995801800135,0.1974468860696627,0.031977082035927355,0.0018287763451960118,0.0026530509007843587,0.0060800187476516675,0.0439038842872057,0.003575390274883217,0.044036404312219904,0.026159452937803817,1.945582145644031,0.01869327472850358,0.12064888117343138,0.007129577345764161,0.03167228597839469,0.03206189485193645,0.1799065355587827,0.005730165881614169,0.10397256122564397,0.0,0.0
R65,0.0,0.0,0.0,0.0,0.0,0.0,0.0,0.0,0.0,0.0,0.0,0.0,0.0,0.0,0.0,0.0,0.0,0.0,0.0,0.0,0.0,0.0,0.0,0.0,0.0,0.0,0.0,0.0,0.0,0.0,0.0,0.0,0.0,0.0,0.0,0.0,0.0,0.0,0.0,0.0,0.0,0.0,0.0,0.0,0.0,0.0,0.0,0.0,0.0,0.0,0.0,0.0,0.0,0.0,0.0,0.0,0.0,0.0,0.0,0.0,0.0,0.0,0.0,0.0,0.0
R66,0.0,0.0,0.0,0.0,0.0,0.0,0.0,0.0,0.0,0.0,0.0,0.0,0.0,0.0,0.0,0.0,0.0,0.0,0.0,0.0,0.0,0.0,0.0,0.0,0.0,0.0,0.0,0.0,0.0,0.0,0.0,0.0,0.0,0.0,0.0,0.0,0.0,0.0,0.0,0.0,0.0,0.0,0.0,0.0,0.0,0.0,0.0,0.0,0.0,0.0,0.0,0.0,0.0,0.0,0.0,0.0,0.0,0.0,0.0,0.0,0.0,0.0,0.0,0.0,0.0
R68B,2.392524869690628,0.16005331249710622,0.033284961224109975,0.14695055056474216,1.3739447069307824,0.2709219437990318,0.29037298808480877,0.01790749482873141,0.4515984697184684,0.017953917368792933,0.3420993033483577,0.10164215146469845,0.5572909878035345,1.2257639590544098,0.09529386911128558,1.5308412867037053,0.46049999177526496,0.27623732463607586,0.3366678661611598,0.011756508270579988,0.15470311475501602,0.7188298215826094,0.1410084654368676,0.3798756453234198,0.0460627653760434,0.5550046777055045,5.534855000819914,4.62974313160544,12.349950811456432,34.26575343925974,1.9103455517066328,0.0870654738853811,0.23478199636113836,2.4685069621363205,0.3291125977661474,10.820873581275064,0.3710553627117309,0.986107595986812,1.616827436532656,2.087911767441948,1.8541858838672087,1.7849466653654513,0.9892759343460106,32.53409984988492,19.838103819174897,1.7785171435669307,1.116229975779253,0.05931640056360742,0.6441823771636849,0.5091392081247226,0.47530878205488986,0.3889048293653854,0.9287989702808651,1.9016297198100822,7.162672973712135,3.115915705834281,2.4593385104741703,0.20417793682558116,4.0643398049261545,1.5416113159979778,1.2571804130410436,0.48899182573802297,0.7589505018307783,0.0,0.0
R68A,0.0,0.0,0.0,0.0,0.0,0.0,0.0,0.0,0.0,0.0,0.0,0.0,0.0,0.0,0.0,0.0,0.0,0.0,0.0,0.0,0.0,0.0,0.0,0.0,0.0,0.0,0.0,0.0,0.0,0.0,0.0,0.0,0.0,0.0,0.0,0.0,0.0,0.0,0.0,0.0,0.0,0.0,0.0,0.0,0.0,0.0,0.0,0.0,0.0,0.0,0.0,0.0,0.0,0.0,0.0,0.0,0.0,0.0,0.0,0.0,0.0,0.0,0.0,0.0,0.0
R69_70,0.1871377905509438,0.0646074801952593,0.006020236334402114,0.02854007956286548,0.384266094426676,0.05141103572245143,0.8759160275341478,0.031719002023875474,0.008642779843017841,0.0014746743107149193,0.04345427652947313,0.04010249847160278,0.017131610170081923,0.11514613532730614,0.11821972390897936,0.11491656148772599,0.021787907810507788,0.17353621577299447,0.05507881541833213,0.08661145750184253,0.01699386586633383,0.034846607979567554,0.021266640151225775,0.18840719884038704,0.010031026355302581,0.19313101819833647,0.8213071632697797,0.2981596993719099,2.9935645429329774,0.7770615322109303,0.20829639595413185,0.016407777358229184,0.09440076283536236,0.30748039725886434,0.024480673905348034,0.359118305952195,0.04383509901630611,0.12999551144509117,0.17223439705913993,0.3809494276619179,0.3085850525575501,0.14757546581952966,0.1050799976788913,0.8308034176222955,0.0,1.6084753461596388,0.1436808131527697,0.010681935712229864,0.1645504256049569,0.03538678171975617,0.1523641060263017,0.0442294258466438,0.060907290074967285,0.16836945394809036,0.842122758347948,0.19055709032633772,0.05568381000734339,0.02237669718731338,0.14553901081901854,0.06785122350509194,0.18146326541026242,0.012294354326692878,0.029561007931821957,0.0,0.0
R71,0.13320877931608946,0.05087264195084384,0.0003054708292660369,0.0020678025365700957,0.11755927375522941,0.0395232257558057,0.11920411668204654,0.0,0.013887173853555984,0.004582062438990553,0.05801595980444963,0.0666631340482882,0.017952285658404014,0.38254346926546773,0.029842150243682065,0.07552178809700329,0.43407404838703845,0.9902659352121994,0.04499820292649698,0.0015978474146223468,0.004088609560945417,0.008200716877988222,0.0,1.5596635609640923,0.03183945951196,0.47582956097209594,11.949995343131267,0.3665414973631469,1.663053687792597,0.07230259551166118,1.7895186111087364,0.007989237073111735,0.0,0.22987854790074147,0.0,0.01809327219498834,0.0011043945365772103,0.4301734208748721,6.492077543366692,0.02187641092666772,0.0015508519024275721,0.0013863676097458596,0.0,1.6668368265242763,0.0,0.12054348877959763,13.45307630741285,0.01050349697553219,0.0016683406829145094,0.2745947777540698,0.2135476074130572,0.0,0.053034435511803486,0.7304982415555812,6.734809363852706,1.0706987543335569,0.10635084409677562,0.1943499406814916,0.321308316875676,0.36734042107045806,0.7109716062386522,2.3497756097387457e-05,0.00857668097554642,0.0,0.0
R72,0.0,0.0,0.0,0.0,0.0,0.0,0.0,0.0,0.0,0.0,0.0,0.0,0.0,0.0,0.0,0.0,0.0,0.0,0.0,0.0,0.0,0.0,0.0,0.0,0.0,0.0,0.0,0.0,0.0,0.0,0.0,0.0,0.0,0.0,0.0,0.0,0.0,0.0,0.0,0.0,0.0,0.0,0.0,0.0,0.0,0.0,0.0,149.24316675855655,0.0,0.0,0.0,0.0,0.0,0.0,0.0,0.0,0.0,0.0,0.0,0.0,0.0,0.0,0.0,0.0,0.0
R73,0.0,0.0,0.0,0.0,0.0,0.0,0.0,0.0,0.0,0.0,0.0,0.0,0.0,0.0,0.0,0.0,0.0,0.0,0.0,0.0,0.0,0.0,0.0,0.0,0.0,0.0,0.0,0.0,0.0,0.0,0.0,0.0,0.0,0.0,0.0,0.0,0.0,0.0,0.0,0.0,0.0,0.0,0.0,0.0,0.0,0.0,0.0,0.0,0.0,0.0,0.0,0.0,0.0,0.0,0.0,0.0,0.0,0.0,0.0,0.0,0.0,0.0,0.0,0.0,0.0
R74_75,0.04340339540496765,0.0019466327329354083,0.0009672434906701175,4.416636943699168e-05,0.04105926534709931,0.00023739423572383025,0.011252486773309553,0.0003941848472251507,0.015706665131030164,0.0,0.0006591830638471007,0.0,0.0004825175860991341,0.00026499821662195005,2.981229936996938e-05,0.00035553927396778296,0.00015016565608577169,0.004546927733538293,0.000573058643444967,0.0001236658344235767,4.7478847144766054e-05,0.0005023924523457802,0.0,0.06529997721259219,0.00024181087266752938,0.04010637592649621,0.018072878373616992,0.0038700781219163953,0.06028157348531401,0.05694701259282113,0.000853515089369864,0.026396030694018073,0.0,0.004211263325817156,0.0002296651210723567,0.007200222377465568,0.02026242613845585,0.01582812264698189,0.11654621567033362,0.014430257054301104,0.01918807920190103,0.040497248296013595,0.0016739054016619848,0.01562274902909988,0.0,0.031850577319486546,0.0013492825863000958,0.0003963931656970003,0.041977925831388735,0.1590563462534381,0.012664706436057363,0.0030817084274660945,0.0006106000574664099,0.012647039888282566,0.11448916701380574,0.023468904559581456,0.003695620962640279,0.0006978286371044685,0.08515386443375587,0.01805189934813442,0.022052268259889943,4.416636943699168e-06,7.066619109918669e-05,0.0,0.0
R77,0.0,0.0,0.0,0.0,0.0,0.0,0.0,0.0,0.0,0.0,0.0,0.0,0.0,0.0,0.0,0.0,0.0,0.0,0.0,0.0,0.0,0.0,0.0,0.0,0.0,0.0,0.0,0.0,0.0,0.0,0.0,0.0,0.0,0.0,0.0,0.0,0.0,0.0,0.0,0.0,0.0,0.0,0.0,0.0,0.0,0.0,0.0,0.0,0.0,0.0,0.0,0.0,0.0,0.0,0.0,0.0,0.0,0.0,0.0,0.0,0.0,0.0,0.0,0.0,0.0
R78,0.0,0.0,0.0,0.0,0.0,0.0,0.0,0.0,0.0,0.0,0.0,0.0,0.0,0.0,0.0,0.0,0.0,0.0,0.0,0.0,0.0,0.0,0.0,0.0,0.0,0.0,0.0,0.0,0.0,0.0,0.0,0.0,0.0,0.0,0.0,0.0,0.0,0.0,0.0,0.0,0.0,0.0,0.0,0.0,0.0,0.0,0.0,0.0,0.0,0.0,0.0,0.0,0.0,0.0,0.0,0.0,0.0,0.0,0.0,0.0,0.0,0.0,0.0,0.0,0.0
R79,0.0,0.0,0.0,0.0,0.0,0.0,0.0,0.0,0.0,0.0,0.0,0.0,0.0,0.0,0.0,0.0,0.0,0.0,0.0,0.0,0.0,0.0,0.0,0.0,0.0,0.0,0.0,0.0,0.0,0.0,0.0,0.0,0.0,0.0,0.0,0.0,0.0,0.0,0.0,0.0,0.0,0.0,0.0,0.0,0.0,0.0,0.0,0.0,0.0,0.0,0.0,0.0,0.0,0.0,0.0,0.0,0.0,0.0,0.0,0.0,0.0,0.0,0.0,0.0,0.0
R80_82,0.0,0.0,0.0,0.0,0.0,0.0,0.0,0.0,0.0,0.0,0.0,0.0,0.0,0.0,0.0,0.0,0.0,0.0,0.0,0.0,0.0,0.0,0.0,0.0,0.0,0.0,0.0,0.0,0.0,0.0,0.0,0.0,0.0,0.0,0.0,0.0,0.0,0.0,0.0,0.0,0.0,0.0,0.0,0.0,0.0,0.0,0.0,0.0,0.0,0.0,0.0,0.0,0.0,0.0,0.0,0.0,0.0,0.0,0.0,0.0,0.0,0.0,0.0,0.0,0.0
R84,0.011527318721870017,0.09746333955839005,0.0005328930795998305,0.0004207050628419715,0.08694571298734077,0.03211381979693716,0.08593602083652005,0.0002804700418946477,0.0,0.0,0.00235594835191504,0.015706322346100268,0.0,0.0,0.000953598142441802,0.0001963290293262534,0.011022472646459653,0.0007572691131155488,0.0,0.0007853161173050136,0.0,0.003814392569767208,0.0,0.11827421666697294,0.0,0.001935243289073069,0.1789679337329747,0.03668548147981991,0.1337842099837469,0.05766464061353956,0.43167144148005215,0.015257570279068832,0.013041856948101116,0.07418432608113432,0.015902651375426523,0.007516597122776557,0.005244789783429911,0.006310575942629572,0.004150956620040785,0.007516597122776557,3.6386780885202112,0.0,0.0,0.09474278015201198,0.0,0.435401693037251,0.056542760445960974,0.0014584442178521679,0.001935243289073069,0.05300883791808841,0.00022437603351571815,0.0026644653979991527,0.2584531436059178,0.014360066145005962,30.769751262169628,3.268317398198329,0.6693698019857661,2.673777003390055,0.03365640502735772,0.30638547376571307,4.1484884836721125,8.414101256839429e-05,0.017922035677067988,0.0,0.0
RP,0.0,0.0,0.0,0.0,0.0,0.0,0.0,0.0,0.0,0.0,0.0,0.0,0.0,0.0,0.0,0.0,0.0,0.0,0.0,0.0,0.0,0.0,0.0,0.0,0.0,0.0,0.0,0.0,0.0,0.0,0.0,0.0,0.0,0.0,0.0,0.0,0.0,0.0,0.0,0.0,0.0,0.0,0.0,0.0,0.0,0.0,0.0,0.0,0.0,0.0,0.0,0.0,0.0,0.0,0.0,0.0,0.0,0.0,0.0,0.0,0.0,0.0,0.0,0.0,0.0
R86,0.0,0.0,0.0,0.0,0.0,0.0,0.0,0.0,0.0,0.0,0.0,0.0,0.0,0.0,0.0,0.0,0.0,0.0,0.0,0.0,0.0,0.0,0.0,0.0,0.0,0.0,0.0,0.0,0.0,0.0,0.0,0.0,0.0,0.0,0.0,0.0,0.0,0.0,0.0,0.0,0.0,0.0,0.0,0.0,0.0,0.0,0.0,0.0,0.0,0.0,0.0,0.0,0.0,0.0,0.0,0.0,0.0,0.0,0.0,0.0,0.0,0.0,0.0,0.0,0.0
R87_88,0.0,0.0,0.0,0.0,0.0,0.0,0.0,0.0,0.0,0.0,0.0,0.0,0.0,0.0,0.0,0.0,0.0,0.0,0.0,0.0,0.0,0.0,0.0,0.0,0.0,0.0,0.0,0.0,0.0,0.0,0.0,0.0,0.0,0.0,0.0,0.0,0.0,0.0,0.0,0.0,0.0,0.0,0.0,0.0,0.0,0.0,0.0,0.0,0.0,0.0,0.0,0.0,0.0,0.0,0.0,0.0,0.0,0.0,0.0,0.0,0.0,0.0,0.0,0.0,0.0
R90_92,0.001016970845793547,0.03181927700397287,0.0,0.0,0.004186988076825684,0.0009253518506770112,0.0015941705150277219,0.00011910469365149649,0.00021072368876803223,0.0,0.0,0.0,0.00011910469365149649,9.161899511653577e-05,0.0,0.0,0.0009986470467702399,0.0015300372184461472,0.0,0.0009070280516537041,0.00015575229169811076,8.245709560488218e-05,0.0001465903921864572,0.009161899511653578,0.0,3.66475980466143e-05,0.014429991730854384,0.012817497416803353,0.008245709560488219,0.0034998456134516663,0.0004672568750943324,0.0012002088360266185,0.0,0.009949822869655784,0.0008154090565371683,0.1010649135130506,0.0007146281619089789,0.0760804135447713,0.016610523814627933,0.0005588758702108682,0.001246018333584886,0.021154825972408108,0.0,0.00043060927704771814,0.0,0.004003750086592613,0.0,0.0,8.245709560488218e-05,6.413329658157503e-05,0.018809379697424793,0.0,0.0,0.0002748569853496073,0.008218223861953257,0.00047641877460598595,0.0010719422428634685,9.161899511653577e-05,0.47448561380902704,0.21426018197953053,0.000604685367769136,0.0,0.0005130663726526002,0.0,0.0
R93,0.0,0.0,0.0,0.0,0.0,0.0,0.0,0.0,0.0,0.0,0.0,0.0,0.0,0.0,0.0,0.0,0.0,0.0,0.0,0.0,0.0,0.0,0.0,0.0,0.0,0.0,0.0,0.0,0.0,0.0,0.0,0.0,0.0,0.0,0.0,0.0,0.0,0.0,0.0,0.0,0.0,0.0,0.0,0.0,0.0,0.0,0.0,0.0,0.0,0.0,0.0,0.0,0.0,0.0,0.0,0.0,0.0,0.0,0.0,0.0,0.0,0.0,0.0,0.0,0.0
R94,0.0,0.0,0.0,0.0,0.0,0.0,0.0,0.0,0.0,0.0,0.0,0.0,0.0,0.0,0.0,0.0,0.0,0.0,0.0,0.0,0.0,0.0,0.0,0.0,0.0,0.0,0.0,0.0,0.0,0.0,0.0,0.0,0.0,0.0,0.0,0.0,0.0,0.0,0.0,0.0,0.0,0.0,0.0,0.0,0.0,0.0,0.0,0.0,0.0,0.0,0.0,0.0,0.0,0.0,0.0,0.0,0.0,0.0,0.0,0.0,0.0,0.0,0.0,0.0,0.0
R95,0.0,0.0,0.0,0.0,0.0,0.0,0.0,0.0,0.0,0.0,0.0,0.0,0.0,0.0,0.0,0.0,0.0,0.0,0.0,0.0,0.0,0.0,0.0,0.0,0.0,0.0,0.0,0.0,0.0,0.0,0.0,0.0,0.0,0.0,0.0,0.0,0.0,0.0,0.0,0.0,0.0,0.0,0.0,0.0,0.0,0.0,0.0,0.0,0.0,0.0,0.0,0.0,0.0,0.0,0.0,0.0,0.0,0.0,0.0,0.0,0.0,0.0,0.0,0.0,0.0
R96,0.0,0.0,0.0,0.0,0.0,0.0,0.0,0.0,0.0,0.0,0.0,0.0,0.0,0.0,0.0,0.0,0.0,0.0,0.0,0.0,0.0,0.0,0.0,0.0,0.0,0.0,0.0,0.0,0.0,0.0,0.0,0.0,0.0,0.0,0.0,0.0,0.0,0.0,0.0,0.0,0.0,0.0,0.0,0.0,0.0,0.0,0.0,0.0,0.0,0.0,0.0,0.0,0.0,0.0,0.0,0.0,0.0,0.0,0.0,0.0,0.0,0.0,0.0,0.0,0.0
RT,0.0,0.0,0.0,0.0,0.0,0.0,0.0,0.0,0.0,0.0,0.0,0.0,0.0,0.0,0.0,0.0,0.0,0.0,0.0,0.0,0.0,0.0,0.0,0.0,0.0,0.0,0.0,0.0,0.0,0.0,0.0,0.0,0.0,0.0,0.0,0.0,0.0,0.0,0.0,0.0,0.0,0.0,0.0,0.0,0.0,0.0,0.0,0.0,0.0,0.0,0.0,0.0,0.0,0.0,0.0,0.0,0.0,0.0,0.0,0.0,0.0,0.0,0.0,0.0,0.0
RU,0.0,0.0,0.0,0.0,0.0,0.0,0.0,0.0,0.0,0.0,0.0,0.0,0.0,0.0,0.0,0.0,0.0,0.0,0.0,0.0,0.0,0.0,0.0,0.0,0.0,0.0,0.0,0.0,0.0,0.0,0.0,0.0,0.0,0.0,0.0,0.0,0.0,0.0,0.0,0.0,0.0,0.0,0.0,0.0,0.0,0.0,0.0,0.0,0.0,0.0,0.0,0.0,0.0,0.0,0.0,0.0,0.0,0.0,0.0,0.0,0.0,0.0,0.0,0.0,0.0
